{
  "version": 1,
  "author": "Anonymous maker",
  "editor": "wokwi",
  "parts": [
    { "type": "wokwi-breadboard", "id": "bb1", "top": -127.8, "left": -170, "attrs": {} },
    {
      "type": "wokwi-arduino-uno",
      "id": "uno",
      "top": 208.2,
      "left": -65.8,
      "rotate": 90,
      "attrs": {}
    },
    {
      "type": "wokwi-led",
      "id": "led1",
      "top": -118.8,
      "left": -25,
      "attrs": { "color": "limegreen" }
    },
    {
      "type": "wokwi-led",
      "id": "led2",
      "top": -118.8,
      "left": 71,
      "attrs": { "color": "orange" }
    },
    {
      "type": "wokwi-led",
      "id": "led3",
      "top": -118.8,
      "left": 167,
      "attrs": { "color": "white" }
    },
    {
      "type": "wokwi-led",
      "id": "led4",
      "top": -118.8,
      "left": 263,
      "attrs": { "color": "cyan" }
    },
    {
      "type": "wokwi-pushbutton-6mm",
      "id": "btn1",
      "top": 1,
      "left": -34.4,
      "rotate": 90,
      "attrs": { "color": "green" }
    },
    {
      "type": "wokwi-pushbutton-6mm",
      "id": "btn2",
      "top": 1,
      "left": 61.6,
      "rotate": 90,
      "attrs": { "color": "yellow" }
    },
    {
      "type": "wokwi-pushbutton-6mm",
      "id": "btn3",
      "top": 1,
      "left": 157.6,
      "rotate": 90,
      "attrs": { "color": "white" }
    },
    {
      "type": "wokwi-pushbutton-6mm",
      "id": "btn4",
      "top": 1,
      "left": 253.6,
      "rotate": 90,
      "attrs": { "color": "blue" }
    },
    {
      "type": "wokwi-resistor",
      "id": "r1",
      "top": -43.2,
      "left": -29.35,
      "rotate": 90,
      "attrs": { "value": "220" }
    },
    {
      "type": "wokwi-resistor",
      "id": "r2",
      "top": -43.2,
      "left": 66.65,
      "rotate": 90,
      "attrs": { "value": "220" }
    },
    {
      "type": "wokwi-resistor",
      "id": "r3",
      "top": -43.2,
      "left": 258.65,
      "rotate": 90,
      "attrs": { "value": "220" }
    },
    {
      "type": "wokwi-resistor",
      "id": "r4",
      "top": -43.2,
      "left": 162.65,
      "rotate": 90,
      "attrs": { "value": "220" }
    },
    {
      "type": "wokwi-resistor",
      "id": "r5",
      "top": 23.15,
      "left": -86.4,
      "attrs": { "value": "10000" }
    },
    {
      "type": "wokwi-resistor",
      "id": "r6",
      "top": 23.15,
      "left": 9.6,
      "attrs": { "value": "10000" }
    },
    {
      "type": "wokwi-resistor",
      "id": "r7",
      "top": 23.15,
      "left": 105.6,
      "attrs": { "value": "10000" }
    },
    {
      "type": "wokwi-resistor",
      "id": "r8",
      "top": 23.15,
      "left": 201.6,
      "attrs": { "value": "10000" }
    },
    {
      "type": "wokwi-led",
      "id": "led5",
      "top": -51.6,
      "left": -140.2,
      "attrs": { "color": "red" }
    },
    {
      "type": "wokwi-resistor",
      "id": "r9",
      "top": 14.4,
      "left": -144.55,
      "rotate": 90,
      "attrs": { "value": "220" }
    },
    {
      "type": "wokwi-led",
      "id": "led6",
      "top": -51.6,
      "left": -121,
      "attrs": { "color": "green" }
    },
    {
      "type": "wokwi-resistor",
      "id": "r10",
      "top": 14.4,
      "left": -125.35,
      "rotate": 90,
      "attrs": { "value": "220" }
    }
  ],
  "connections": [
    [ "uno:5V", "bb1:bp.1", "red", [ "h0" ] ],
    [ "uno:GND.2", "bb1:bn.2", "black", [ "h0" ] ],
    [ "bb1:15t.b", "bb1:tn.10", "black", [ "v0", "h-38.4" ] ],
    [ "bb1:25t.b", "bb1:tn.18", "black", [ "v0", "h-19.2" ] ],
    [ "bb1:35t.b", "bb1:tn.26", "black", [ "v0", "h-19.2" ] ],
    [ "bb1:45t.b", "bb1:tn.35", "black", [ "v0", "h-19.2" ] ],
    [ "bb1:bp.1", "bb1:tp.1", "red", [ "v-0.9", "h-68", "v-172.8" ] ],
    [ "bb1:bn.1", "bb1:tn.1", "black", [ "v-1.3", "h-77.6", "v-172.8" ] ],
    [ "r5:1", "bb1:bn.5", "black", [ "v0" ] ],
    [ "btn1:1.r", "bb1:bp.11", "red", [ "v0" ] ],
    [ "r6:1", "bb1:bn.13", "black", [ "v0" ] ],
    [ "btn4:1.r", "bb1:bp.36", "red", [ "v0" ] ],
    [ "btn3:1.r", "bb1:bp.28", "red", [ "v0" ] ],
    [ "r7:1", "bb1:bn.21", "black", [ "v0" ] ],
    [ "r8:1", "bb1:bn.30", "black", [ "v0" ] ],
    [ "r5:2", "uno:13", "green", [ "v115.2", "h210", "v124.8" ] ],
    [ "bb1:16b.j", "uno:12", "limegreen", [ "v105.6", "h192", "v144" ] ],
    [ "r6:2", "uno:11", "yellow", [ "v96", "h133.2", "v172.8" ] ],
    [ "bb1:26b.j", "uno:10", "orange", [ "v86.4", "h115.2", "v182.4" ] ],
    [ "r7:2", "uno:9", "white", [ "v76.8", "h56.4", "v201.6" ] ],
    [ "bb1:36b.j", "uno:8", "gray", [ "v67.2", "h38.4", "v220.8" ] ],
    [ "r8:2", "uno:7", "blue", [ "v67.2", "h-20.4", "v230.4" ] ],
    [ "bb1:46b.j", "uno:6", "cyan", [ "v76.8", "h-38.4", "v240" ] ],
    [ "btn2:1.r", "bb1:bp.20", "red", [ "v0" ] ],
    [ "led1:A", "bb1:16t.a", "", [ "$bb" ] ],
    [ "led1:C", "bb1:15t.a", "", [ "$bb" ] ],
    [ "led2:A", "bb1:26t.a", "", [ "$bb" ] ],
    [ "led2:C", "bb1:25t.a", "", [ "$bb" ] ],
    [ "led3:A", "bb1:36t.a", "", [ "$bb" ] ],
    [ "led3:C", "bb1:35t.a", "", [ "$bb" ] ],
    [ "led4:A", "bb1:46t.a", "", [ "$bb" ] ],
    [ "led4:C", "bb1:45t.a", "", [ "$bb" ] ],
    [ "btn1:1.l", "bb1:15b.g", "", [ "$bb" ] ],
    [ "btn1:2.l", "bb1:13b.g", "", [ "$bb" ] ],
    [ "btn1:1.r", "bb1:15b.j", "", [ "$bb" ] ],
    [ "btn1:2.r", "bb1:13b.j", "", [ "$bb" ] ],
    [ "btn2:1.l", "bb1:25b.g", "", [ "$bb" ] ],
    [ "btn2:2.l", "bb1:23b.g", "", [ "$bb" ] ],
    [ "btn2:1.r", "bb1:25b.j", "", [ "$bb" ] ],
    [ "btn2:2.r", "bb1:23b.j", "", [ "$bb" ] ],
    [ "btn3:1.l", "bb1:35b.g", "", [ "$bb" ] ],
    [ "btn3:2.l", "bb1:33b.g", "", [ "$bb" ] ],
    [ "btn3:1.r", "bb1:35b.j", "", [ "$bb" ] ],
    [ "btn3:2.r", "bb1:33b.j", "", [ "$bb" ] ],
    [ "btn4:1.l", "bb1:45b.g", "", [ "$bb" ] ],
    [ "btn4:2.l", "bb1:43b.g", "", [ "$bb" ] ],
    [ "btn4:1.r", "bb1:45b.j", "", [ "$bb" ] ],
    [ "btn4:2.r", "bb1:43b.j", "", [ "$bb" ] ],
    [ "r1:1", "bb1:16t.b", "", [ "$bb" ] ],
    [ "r1:2", "bb1:16b.f", "", [ "$bb" ] ],
    [ "r2:1", "bb1:26t.b", "", [ "$bb" ] ],
    [ "r2:2", "bb1:26b.f", "", [ "$bb" ] ],
    [ "r4:1", "bb1:36t.b", "", [ "$bb" ] ],
    [ "r4:2", "bb1:36b.f", "", [ "$bb" ] ],
    [ "r6:1", "bb1:17b.j", "", [ "$bb" ] ],
    [ "r6:2", "bb1:23b.j", "", [ "$bb" ] ],
    [ "r7:1", "bb1:27b.j", "", [ "$bb" ] ],
    [ "r7:2", "bb1:33b.j", "", [ "$bb" ] ],
    [ "r8:1", "bb1:37b.j", "", [ "$bb" ] ],
    [ "r8:2", "bb1:43b.j", "", [ "$bb" ] ],
    [ "r5:1", "bb1:7b.j", "", [ "$bb" ] ],
    [ "r5:2", "bb1:13b.j", "", [ "$bb" ] ],
    [ "r3:1", "bb1:46t.b", "", [ "$bb" ] ],
    [ "r3:2", "bb1:46b.f", "", [ "$bb" ] ],
    [ "led6:C", "bb1:bn.3", "black", [ "v0" ] ],
    [ "led5:C", "bb1:bn.1", "black", [ "v0" ] ],
    [ "led5:A", "bb1:4b.f", "", [ "$bb" ] ],
    [ "led5:C", "bb1:3b.f", "", [ "$bb" ] ],
    [ "led6:A", "bb1:6b.f", "", [ "$bb" ] ],
    [ "led6:C", "bb1:5b.f", "", [ "$bb" ] ],
    [ "r10:1", "bb1:6b.f", "", [ "$bb" ] ],
    [ "r9:1", "bb1:4b.f", "", [ "$bb" ] ],
    [ "r9:2", "uno:5", "purple", [ "h48", "v104.4", "h326.4", "v201.6" ] ],
    [ "r10:2", "uno:4", "#8f4814", [ "h38.4", "v114", "h326.4", "v201.6" ] ]
  ],
  "dependencies": {}
}